company_id,company_name,company_location,company_tel
1,(유)슬렉슨,서울특별시 강서구 양천로,02--555--4847
2,(유)아홉,서울특별시 중구 퇴계로22길,02-556-4801
3,(주) 드라마앤컴퍼니,서울특별시 강남구 테헤란로79길,02-556-4202
4,(주)YH데이타베이스,대구광역시 수성구 알파시티1로31길,053-655-8055
5,(주)가비아씨엔에스,경기도 성남시 분당구 대왕판교로,02-6907-6809
6,(주)개미집소프트,서울특별시 영등포구 국제금융로8길,02-6093-5577
7,(주)게임베리,서울특별시 서초구 반포대로26길,07040271027
8,(주)구름,경기도 성남시 분당구 판교로,031-600-8586
9,(주)구름네트웍스,서울특별시 광진구 광나루로36길,024475100
10,(주)그렙,서울특별시 강남구 테헤란로,02--539--1882
11,(주)그리드원,서울특별시 서초구 남부순환로347길,02-2058-2220
12,(주)글로벌테크놀로지,충청남도 아산시 음봉면 월암로436번길,041-415-0990
13,(주)글로브포인트,경기도 고양시 일산동구 태극로,031-911-0601
14,(주)나누고,서울특별시 영등포구 국회대로54길,070-4616-5254
15,(주)나루아이,서울특별시 구로구 디지털로33길,0262381500
16,(주)네비웍스,경기도 안양시 동안구 부림로170번길,031-687-2000
17,(주)네오위드넷,경기도 성남시 분당구 판교역로,025533515
18,(주)넥스티브,서울특별시 강남구 영동대로106길,024643570
19,(주)넷블루,대구광역시 동구 동대구로,053-942-8112
20,(주)넷스루,서울특별시 성동구 광나루로8길,026-243-4160
21,(주)뉴데이소프트,서울특별시 금천구 가산디지털1로,02-6235-4450
22,(주)니어스랩,서울특별시 강남구 논현로,02-566-1574
23,(주)다비오,서울특별시 마포구 백범로,026-376-0101
24,(주)다하미커뮤니케이션즈,서울특별시 중구 마른내로,02-593-4174
25,(주)단감소프트,서울특별시 서초구 남부순환로350길,0216700256
26,(주)더기프팅컴퍼니,서울특별시 성동구 상원12길,070-4738-1661
27,(주)더브릿지소프트,서울특별시 송파구 법원로,070-8899-5572
28,(주)더스윙,서울특별시 성동구 왕십리로,0216884356
29,(주)더커머스,서울특별시 강남구 역삼로,070-7864-3072
30,(주)더하일,서울특별시 마포구 백범로,010-3000-5637
31,(주)데이타프로텍,대구광역시 북구 태전로,031-701-0712
32,(주)데이터몬스터즈,세종특별자치시 세종시 나성로,0448656038
33,(주)도구공간,서울특별시 서대문구 연세로,07073771316
34,(주)도전하는사람들,서울특별시 구로구 디지털로26길,070-4162-0702
35,(주)도프네트웍,인천광역시 연수구 송도과학로,032-245-8517
36,(주)동곡기정,서울특별시 구로구 디지털로32길,02-2103-5370
37,(주)두두아이티,서울특별시 금천구 가마산로,02-6929-2210
38,(주)두루안,서울특별시 구로구 디지털로33길,02-6330-8000
39,(주)드로닉스,서울특별시 광진구 자양로,0262237901
40,(주)드림에이스,서울특별시 성동구 왕십리로,070-4192-5380
41,(주)디지탈쉽,서울특별시 강남구 학동로20길,02-3446-4573
42,(주)디지털존마포지점,서울특별시 마포구 성암로,02-3151-0940
43,(주)디지투스,서울특별시 강남구 강남대로,025144143
44,(주)디투이노베이션,경기도 성남시 수정구 창업로,031-606-1189
45,(주)딜리버리랩,서울특별시 성북구 안암로,0269250515
46,(주)딥핑소스,서울특별시 강남구 테헤란로,010-8964-0613
47,(주)띵스플로우,서울특별시 강남구 테헤란로,025620097
48,(주)라이언로켓,서울특별시 중구 청계천로,0264414337
49,(주)라이커스넷,서울특별시 금천구 범안로,07082778278
50,(주)라이프사이언스테크놀로지,서울특별시 강서구 양천로,070-8620-8020
51,(주)라임,대구광역시 달서구 성서공단로11길,053-261-7001
52,(주)라티스글로벌커뮤니케이션스,서울특별시 송파구 삼학사로,07082708500
53,(주)레디코리아,서울특별시 서초구 동광로,0234665103
54,(주)레티널,서울특별시 성동구 성수일로,0269597007
55,(주)로드피아,경기도 용인시 기흥구 흥덕중앙로,031-494-7706
56,(주)로앤컴퍼니,서울특별시 서초구 서초중앙로22길,023-477-0612
57,(주)로우코리아,서울특별시 영등포구 양평로12가길,025455066
58,(주)뤼이드,서울특별시 강남구 테헤란로87길,010-2074-0528
59,(주)리눅스데이타시스템,서울특별시 강남구 봉은사로114길,010-2878-1514
60,(주)리드포인트시스템,대전광역시 유성구 테크노1로,070-4618-0681
61,(주)리스트,서울특별시 영등포구 버드나루로19길,02-2632-5133
62,(주)리얼타임테크,대전광역시 유성구 배울1로,042-939-8800
63,(주)리테일앤인사이트,서울특별시 강남구 테헤란로,025399510
64,(주)리틀송뮤직,서울특별시 광진구 천호대로,024447411
65,(주)링크샵스, 나루터로12길,022-272-1122
66,(주)링크제니시스,경기도 안양시 동안구 시민대로,031-422-3581
67,(주)마에스트로네트웍스,서울특별시 금천구 가산디지털1로,02-865-0647
68,(주)마이다스아이티,경기도 성남시 분당구 판교로228번길,031-789-1266
69,(주)마이다스인,경기도 성남시 분당구 판교로228번길,031-789-1266
70,(주)마이리얼트립,서울특별시 서초구 강남대로,02-537-3918
71,(주)마이체크업,서울특별시 양천구 안양천로,02-2646-0050
72,(주)마인즈랩,경기도 성남시 분당구 대왕판교로644번길,031-625-4343
73,(주)마켓디자이너스,서울특별시 강남구 테헤란로20길,025180060
74,(주)맘편한세상,서울특별시 마포구 백범로,02-1833-6331
75,(주)매그넘빈트,서울특별시 강남구 강남대로132길,02-568-1987
76,(주)매드업,서울특별시 서초구 서초대로74길,02-6954-7287
77,(주)매트릭스투비,서울특별시 구로구 디지털로34길,02-2028-0700
78,(주)머니브레인,서울특별시 강남구 테헤란로8길,02-858-5683
79,(주)메디칼스탠다드,경기도 성남시 중원구 둔촌대로,02-2282-6600
80,(주)메쉬코리아,서울특별시 강남구 테헤란로,02-6380-8005
81,(주)메이아이, 성촌길,010-7549-2966
82,(주)메이크스타,서울특별시 강남구 영동대로85길,026-959-2076
83,(주)메타시스넷,서울특별시 금천구 가산디지털2로,07047570114
84,(주)명정보기술,충청북도 청주시 청원구 오창읍 과학산업3로,043-218-8400
85,(주)명지정보기술,전라북도 전주시 완산구 홍산남로,063-213-6307
86,(주)모니터랩,서울특별시 구로구 디지털로27가길,070-4633-2635
87,(주)모두싸인,부산광역시 해운대구 센텀중앙로,070-5118-1226
88,(주)모스티소프트,서울특별시 영등포구 여의나루로,027691156
89,(주)모아정보기술,광주광역시 서구 상무민주로,062-262-5562
90,(주)모젯,서울특별시 강남구 선릉로,070-4742-3225
91,(주)모티프, 강남대로,070-4687-8340
92,(주)무른모,인천광역시 연수구 송도과학로,1544-0538
93,(주)무한정보기술,서울특별시 영등포구 당산로2길,0269520825
94,(주)뭉치,서울특별시 마포구 양화로12길,070-4192-9884
95,(주)뮤자인,서울특별시 강동구 성안로,02-476-6740
96,(주)뮤즈라이브,서울특별시 마포구 매봉산로,023769775
97,(주)미디어솔루션,서울특별시 마포구 양화로,02--324--9555
98,(주)미리디,서울특별시 구로구 디지털로33길,02-6925-3691
99,(주)미소아이티,서울특별시 영등포구 영신로,025715514
100,(주)미추홀공간지적,인천광역시 연수구 송도미래로,032-862-4375
101,(주)뱅크런,서울특별시 강남구 논현로140길,0216610501
102,(주)버즈비터즈,서울특별시 마포구 월드컵북로1길,0260931066
103,(주)보라스카이,경기도 화성시 안녕남로,031-224-8788
104,(주)보이스루,서울특별시 서초구 강남대로,070-4282-3117
105,(주)부동산뱅크,서울특별시 서초구 효령로,02-2185-7213
106,(주)뷰노,서울특별시 서초구 강남대로,02-515-6646
107,(주)브라이튼,경상북도 경산시 대학로,053-817-0701
108,(주)브로드씨엔에스,서울특별시 구로구 디지털로,02-2038-2746
109,(주)브링프라이스,서울특별시 종로구 수표로18길,02-6677-4468
110,(주)브이알애드,경기도 하남시 조정대로,028694789
111,(주)블록체인씨앤에스,대구광역시 달서구 성서공단로,053-583-9800
112,(주)블루데이타시스템즈,서울특별시 송파구 동남로9길,024315118
113,(주)블루웹,서울특별시 성동구 성수일로8길,070-7012-5375
114,(주)블루커뮤니케이션,인천광역시 연수구 송도문화로,025563346
115,(주)비바리퍼블리카,서울특별시 강남구 테헤란로,02-544-7056
116,(주)비아이엔솔루션,서울특별시 영등포구 양평로21길,070-7017-2820
117,(주)비엔아이,서울특별시 금천구 가산디지털2로,023-443-7742
118,(주)비오시스템즈,서울특별시 금천구 가산디지털1로,070-4170-0500
119,(주)비욘드테크,서울특별시 금천구 가산디지털1로,026-290-1323
120,(주)비원이즈,경기도 광명시 광삼로5번길,02-2689-0113
121,(주)비전인사이드,서울특별시 동대문구 휘경로,02-521-0432
122,(주)비주얼,서울특별시 강남구 테헤란로,027805876
123,(주)비케이에스엔피,서울특별시 영등포구 선유로,02-2628-5695
124,(주)비타소프트,서울특별시 구로구 디지털로30길,02-365-6040
125,(주)비투코리아,경기도 수원시 영통구 대학로,031-214-0814
126,(주)비플렉스,대전광역시 유성구 유성대로1205번길,042-864-0373
127,(주)빌리언이십일,경기도 군포시 고산로,031-436-0344
128,(주)빙글,서울특별시 서초구 서초중앙로,02-588-3810
129,(주)빛컨,서울특별시 금천구 가산디지털1로,02-859-4590
130,(주)사이버다임,서울특별시 송파구 올림픽로,025466990
131,(주)사이버텔브릿지,서울특별시 구로구 디지털로26길,070-7945-7227
132,(주)선운이앤지,광주광역시 광산구 광산로,062-651-9272
133,(주)세넷시스템즈,서울특별시 성동구 성수일로,023-411-2063
134,(주)세스트,대구광역시 북구 경대로17길,053-954-5410
135,(주)세현아이씨티,경기도 화성시 동탄기흥로,070-4047-8955
136,(주)센드버드코리아,서울특별시 강남구 선릉로,02--555--4654
137,(주)센트비,서울특별시 강남구 영동대로85길,070-8825-0373
138,(주)센티널테크놀로지,서울특별시 마포구 월드컵북로,02-525-5398
139,(주)셈웨어,서울특별시 관악구 관악로,028758838
140,(주)소리를보는통로,서울특별시 성동구 성수이로22길,02-1661-0552
141,(주)소프트기획,부산광역시 수영구 수영로,070-4918-9681
142,(주)소프트보울,서울특별시 서초구 반포대로,02-2038-3320
143,(주)소프트일레븐,경기도 안양시 동안구 학의로,031-337-6611
144,(주)소프트체인,서울특별시 구로구 디지털로31길,0220257650
145,(주)소프트파워, 성암로,02-557-7800
146,(주)소프트퓨전,서울특별시 영등포구 영신로,070-7124-9947
147,(주)솔루게이트,서울특별시 금천구 가산디지털1로,070-4405-7484
148,(주)수도프리미엄엔지니어링,서울특별시 서초구 반포대로4길,070-4164-7728
149,(주)스무디,서울특별시 마포구 백범로31길,01051313968
150,(주)스윗코리아,서울특별시 강남구 테헤란로37길,02-538-8880
151,(주)스윙크,서울특별시 서대문구 연세로,023648777
152,(주)스탠스,서울특별시 노원구 공릉로,029492131
153,(주)스틸리언,서울특별시 용산구 원효로90길,02-2038-4792
154,(주)스페이스,경기도 고양시 일산동구 경의로,031-904-0694
155,(주)스포카,서울특별시 강남구 테헤란로,070-7725-6458
156,(주)스푼라디오,서울특별시 강남구 테헤란로,02-6204-0556
157,(주)시너젠,서울특별시 성동구 성수일로4길,024999939
158,(주)시선아이티,부산광역시 해운대구 센텀중앙로,070-4984-6004
159,(주)시스원,서울특별시 강서구 마곡중앙14로,02-6090-6802
160,(주)시스젠,전라북도 전주시 완산구 홍산남로,063-226-6900
161,(주)시큐레이어,서울특별시 성동구 성수일로4길,070-4603-7320
162,(주)시큐브,서울특별시 구로구 디지털로26길,026-261-9306
163,(주)시큐어가드테크놀러지,서울특별시 금천구 가산디지털1로,070-7425-9000
164,(주)시큐어원, 선유로9길,02-6090-7027
165,(주)신성ICT,경기도 안산시 상록구 한양대학로,070-7622-2114
166,(주)심지,울산광역시 울주군 청량읍 율리영해1길,052-221-3001
167,(주)싸이크로스,서울특별시 강남구 양재천로,02-579-2050
168,(주)써머스플랫폼,서울특별시 금천구 가산디지털1로,027041301
169,(주)쓰리세컨즈,대전광역시 유성구 문지로,0428613753
170,(주)쓰리아이,대구광역시 동구 동부로,070-78435110
171,(주)씨씨미디어서비스,서울특별시 구로구 가마산로25길,025016371
172,(주)씽크소프트,충청남도 아산시 음봉면 삼성로,070-5136-6249
173,(주)아도스,서울특별시 송파구 법원로,07088121026
174,(주)아이디어콘서트,경기도 성남시 수정구 대왕판교로,070-8825-5004
175,(주)아이뱅크,서울특별시 금천구 가산디지털1로,0226240859
176,(주)아이비스,경기도 수원시 영통구 대학4로,031-270-7921
177,(주)아이스크림에듀,서울특별시 강남구 테헤란로88길,02-3440-7657
178,(주)아이앤아이소프트,경기도 성남시 분당구 판교로,070-4667-3367
179,(주)아이엔티매니지먼트,서울특별시 마포구 월드컵북로,023262427
180,(주)아이엠티소프트,경기도 안양시 동안구 엘에스로91번길,070-4629-3901
181,(주)아이오트러스트,서울특별시 금천구 가산디지털1로,02-6959-3559
182,(주)아이와즈,대전광역시 유성구 죽동로,042-936-9000
183,(주)아이지에이웍스,서울특별시 마포구 양화로,02-3156-8800
184,(주)아이지코,경기도 하남시 조정대로,031-790-1799
185,(주)아이커머,서울특별시 영등포구 경인로,024663700
186,(주)아이콘,경기도 광주시 순암로264번길,031-798-2313
187,(주)아이퀘스트,서울특별시 구로구 디지털로34길,02-2025-4630
188,(주)아이트립,서울특별시 마포구 마포대로,027520211
189,(주)아이티굿,경기도 안양시 동안구 엘에스로116번길,031-386-0651
190,(주)아이티엘,서울특별시 서초구 바우뫼로,02-3463-9724
191,(주)아이포트폴리오,서울특별시 중구 남대문로9길,05053338288
192,(주)아인스에스엔씨,제주특별자치도 제주시 첨단로,064-726-9009
193,(주)아임클라우드,서울특별시 영등포구 국회대로76길,02-6472-0410
194,(주)아침소프트,서울특별시 구로구 디지털로34길,02-863-3198
195,(주)아카에이아이,서울특별시 중구 을지로,025377201
196,(주)아키드로우,서울특별시 서초구 매헌로8길,02-576-1125
197,(주)아티스츠카드,경기도 성남시 수정구 대왕판교로,031-604-7284
198,(주)알고리마,서울특별시 강남구 테헤란로,07043537176
199,(주)알바체크,서울특별시 서초구 강남대로53길,070-7122-0913
200,(주)알엠소프트,서울특별시 금천구 가산디지털1로,02-859-0884
201,(주)알엠테크,경기도 부천시 조마루로385번길,070-7004-2802
202,(주)알체라,경기도 성남시 분당구 판교역로,070-4681-3852
203,(주)알티웍스,서울특별시 서초구 방배로31길,025222437
204,(주)앙클,충청남도 천안시 서북구 늘푸른5길,070-7404-3000
205,(주)애니모비, 판교로,070-7791-4753
206,(주)애니펜,경기도 성남시 수정구 창업로,031-261-0057
207,(주)애드오피,서울특별시 강남구 테헤란로,02-2052-6256
208,(주)애드캡슐소프트,서울특별시 서초구 동광로12길,02-544-0902
209,(주)어반디지털마케팅,서울특별시 금천구 가산디지털1로,0269255180
210,(주)어빌리티시스템즈,서울특별시 송파구 송파대로,070-7835-6300
211,(주)언더핀,서울특별시 영등포구 의사당대로,07080952048
212,(주)업루트,서울특별시 금천구 서부샛길,02-454-1224
213,(주)에너닷,서울특별시 서초구 남부순환로350길,025849602
214,(주)에너자이,서울특별시 관악구 남부순환로,02-883-1231
215,(주)에듀토셀,서울특별시 성북구 안암로,02-923-0505
216,(주)에스비네트워크,서울특별시 금천구 가산디지털1로,07070998090
217,(주)에스아이에이,대전광역시 유성구 엑스포로,0423306800
218,(주)에스아이티코리아,충청남도 아산시 음봉면 연암율금로,041-543-4102
219,(주)에스알포스트,서울특별시 구로구 디지털로,028455218
220,(주)에스엠티,인천광역시 미추홀구 경인로,032-247-8888
221,(주)에스유지,부산광역시 해운대구 센텀중앙로,070-8671-4511
222,(주)에스이든,서울특별시 금천구 가산디지털1로,02-6116-6788
223,(주)에스제이링크,서울특별시 마포구 월드컵북로,0261018400
224,(주)에스티,서울특별시 성동구 성수일로,070-5222-6888
225,(주)에어큐브,서울특별시 강서구 양천로,02-3663-3181
226,(주)에오스와이텍,서울특별시 강남구 자곡로,024599155
227,(주)에이럭스,서울특별시 마포구 매봉산로,0236658956
228,(주)에이블리코퍼레이션,서울특별시 강남구 테헤란로44길,070-4779-8264
229,(주)에이블스토어,서울특별시 영등포구 영신로,02-456-7667
230,(주)에이아이웨어,경기도 성남시 분당구 판교로,031-8023-5660
231,(주)에이아이트릭스,서울특별시 서초구 효령로77길,025695507
232,(주)에이젠글로벌,서울특별시 영등포구 은행로,070-7008-0020
233,(주)에이티앤에스그룹,서울특별시 서초구 양재천로21길,02-3487-6682
234,(주)에이팀벤처스,서울특별시 서초구 나루터로,02-742-6321
235,(주)에잇퍼센트,서울특별시 영등포구 의사당대로,02--722--8828
236,(주)에코아이티,서울특별시 강남구 테헤란로78길,0263428021
237,(주)에프원시큐리티,서울특별시 금천구 벚꽃로,070-4640-3031
238,(주)엑스엔(XN)시스템즈,서울특별시 금천구 가산디지털2로,070-8670-7039
239,(주)엑스오비스,서울특별시 강남구 테헤란로38길,0221569100
240,(주)엑스트라이버,,070-5089-4093
241,(주)엔디씨에스,경기도 성남시 분당구 장미로,070-8668-8808
242,(주)엔씨지글로벌,서울특별시 금천구 디지털로9길,02-866-3255
243,(주)엔조이소프트,경기도 성남시 분당구 서현로180번길,02-1544-9495
244,(주)엔터인,대구광역시 북구 동북로,053-2191991
245,(주)엔투소프트, 갈마치로288번길,031-1877-1977
246,(주)엔티시스,서울특별시 금천구 디지털로9길,070-4035-1410
247,(주)엘리스,서울특별시 강남구 선릉로,070-4633-2017
248,(주)엘시스,전라남도 여수시 율촌면 율촌산단2로,061-743-5333
249,(주)엘엠프렌즈,서울특별시 광진구 아차산로,07044524731
250,(주)엘핀,서울특별시 영등포구 의사당대로,010-3743-6085
251,(주)엠그램,서울특별시 영등포구 여의대방로69길,02-780-7808
252,(주)엠시스텍,서울특별시 종로구 창경궁로,022-002-8733
253,(주)엠앤와이즈,서울특별시 구로구 디지털로,02-865-4210
254,(주)엠엘소프트,서울특별시 영등포구 양평로21가길,025013221
255,(주)엠제이비전테크,대구광역시 북구 호암로,070-8721-3412
256,(주)엠텔레텍,서울특별시 금천구 가산디지털1로,02-6281-6282
257,(주)예거,서울특별시 도봉구 우이천로39길,029067776
258,(주)오너클랜,서울특별시 금천구 가산디지털1로,070-4603-5431
259,(주)오렌지아이티,경기도 안양시 동안구 벌말로,070-7404-3337
260,(주)오르고소프트,경기도 안양시 동안구 시민대로327번길,070-4849-1084
261,(주)오제이월드,서울특별시 송파구 법원로4길,070-4814-0577
262,(주)오토브레인,서울특별시 구로구 디지털로34길,022-040-0112
263,(주)오픈오브젝트,서울특별시 구로구 디지털로,02-2057-0883
264,(주)오피지지,서울특별시 강남구 삼성로85길,024559903
265,(주)온피아,서울특별시 구로구 디지털로33길,07042622800
266,(주)올리브헬스케어,경기도 성남시 분당구 판교역로,031-8016-1225
267,(주)옴니씨앤에스,서울특별시 구로구 디지털로,070-7605-6184
268,(주)와그,서울특별시 종로구 새문안로3길,070-5143-6272
269,(주)와드,경기도 성남시 분당구 판교로,00-1800-5895
270,(주)와우소프트,서울특별시 구로구 디지털로33길,02-2108-1599
271,(주)와이디엔에스,경기도 성남시 수정구 창업로,031-754-2500
272,(주)와임,서울특별시 서대문구 통일로,02-395-5809
273,(주)와토솔루션,경기도 수원시 영통구 신원로,070-4858-8720
274,(주)왓챠,서울특별시 서초구 강남대로,070-7554-9696
275,(주)우경정보기술,대구광역시 수성구 알파시티1로31길,053-792-3031
276,(주)우리라인,경기도 고양시 일산동구 호수로,031-901-9572
277,(주)우아한형제들,서울특별시 송파구 위례성대로,070-4352-3235
278,(주)원소프트다임,경상북도 포항시 남구 청암로,054-279-4467
279,(주)웨딩북,서울특별시 강남구 학동로59길,026-205-4165
280,(주)웨인테크놀로지,서울특별시 구로구 디지털로34길,07070122116
281,(주)웰데이타시스템,경기도 성남시 분당구 대왕판교로644번길,070-4266-7320
282,(주)웹티즌,서울특별시 강남구 테헤란로,070-7090-0812
283,(주)위니텍,대구광역시 달서구 송현로,053-659-1700
284,(주)위시켓,서울특별시 강남구 테헤란로,02-6925-4843
285,(주)위우너스,서울특별시 송파구 중대로,070-4616-3297
286,(주)위즈더플래닝,서울특별시 금천구 디지털로,02-1670-0704
287,(주)유니드,경상남도 진주시 동부로169번길,055-761-9543
288,(주)유니로보틱스,경기도 안산시 상록구 안산대학로,010-9067-3141
289,(주)유니파이시스템즈,경기도 안양시 동안구 시민대로,031-346-1240
290,(주)유라클,서울특별시 강남구 봉은사로108길,0234794426
291,(주)유비스티,서울특별시 금천구 서부샛길,070-4324-7744
292,(주)유비씨,경기도 안양시 동안구 시민대로248번길,031-346-5497
293,(주)유에이썬,경상북도 김천시 남면 옥산길,054-436-0530
294,(주)유프리즘,서울특별시 강남구 봉은사로,070-4077-0100
295,(주)유플러스시스템,서울특별시 금천구 가산디지털1로,02-855-5545
296,(주)유플렉스소프트,서울특별시 강남구 역삼로,02-508-6808
297,(주)이노티브아이엔씨,서울특별시 금천구 디지털로9길,070-7124-8938
298,(주)이데아인포,대전광역시 서구 만년로67번길,0424882314
299,(주)이루다컴,서울특별시 금천구 가산디지털1로,02-2622-8168
300,(주)이스트림,서울특별시 금천구 가산디지털2로,02-780-9466
301,(주)이스트몹,서울특별시 서초구 효령로77길,070-4174-1080
302,(주)이스트소프트,서울특별시 서초구 반포대로,070-8850-8309
303,(주)이스트시큐리티,서울특별시 서초구 반포대로,02-583-4620
304,(주)이십일세기소프트,서울특별시 영등포구 선유로,02-2629-7709
305,(주)이안,서울특별시 서초구 마방로4길,025712344
306,(주)이음시스템즈,서울특별시 영등포구 양평로,02-6925-7371
307,(주)이젬코,서울특별시 성동구 성수이로,022-038-2472
308,(주)이지스,대구광역시 남구 중앙대로32길,053-476-2395
309,(주)이지식스,서울특별시 강남구 봉은사로26길,070-7633-2605
310,(주)이지위드,서울특별시 강남구 논현로133길,025165930
311,(주)이지지오,부산광역시 사상구 모덕로95번길,051-327-4047
312,(주)이파피루스,경기도 성남시 분당구 판교역로,02-2023-1726
313,(주)이프커뮤니티,서울특별시 성동구 아차산로17길,025481955
314,(주)이피피엔,서울특별시 강남구 학동로7길,02-2085-1800
315,(주)인디제이,광주광역시 북구 동문대로,070-7779-0733
316,(주)인솔엠앤티,대구광역시 달서구 중흥로,053-655-3109
317,(주)인스웨이브시스템즈,서울특별시 구로구 디지털로,02-2082-1400
318,(주)인스퀘어,광주광역시 남구 송암로,062-432-2427
319,(주)인재아이엔씨,서울특별시 구로구 디지털로33길,07046096302
320,(주)인정보,서울특별시 금천구 디지털로9길,02-3397-7765
321,(주)인젠트,서울특별시 영등포구 국제금융로2길,02-6312-3310
322,(주)인타운,부산광역시 해운대구 센텀6로,051-742-2368
323,(주)인터마인즈,경기도 성남시 분당구 대왕판교로644번길,031-8039-7231
324,(주)인포마이닝,경기도 부천시 길주로,070-4914-2971
325,(주)인포바인,서울특별시 영등포구 여의대로,023-775-3366
326,(주)인포스,대전광역시 유성구 죽동로,070-4864-1022
327,(주)인포웍스,서울특별시 금천구 디지털로9길,02-569-3346
328,(주)인프랩, 대왕판교로,070-4948-1180
329,(주)인피니그루,서울특별시 성동구 광나루로,023-453-4620
330,(주)인픽스,서울특별시 강남구 도산대로12길,02-538-0036
331,(주)임픽스,서울특별시 동대문구 천호대로,027458324
332,(주)자비스앤빌런즈,서울특별시 강남구 테헤란로,025554344
333,(주)자이닉스,서울특별시 구로구 디지털로31길,02-865-8801
334,(주)자이솜,대전광역시 유성구 테크노3로,042-335-4560
335,(주)자이엔트,충청남도 아산시 배방읍 희망로46번길,041-555-0329
336,(주)재미,서울특별시 금천구 가산디지털1로,028677662
337,(주)제너시스템,서울특별시 도봉구 우이천로39길,02-996-4471
338,(주)제노임펙트,서울특별시 성동구 아차산로17길,02-3444-0201
339,(주)제로웹,부산광역시 해운대구 수영강변대로,070-4659-5351
340,(주)제론소프트엔,서울특별시 중구 퇴계로36길,07077640100
341,(주)제스아이앤씨,서울특별시 구로구 디지털로27길,02-782-8450
342,(주)제이니스,서울특별시 성동구 성수일로,022-202-0700
343,(주)제이솔루션,대구광역시 북구 대학로,053-1644-3950
344,(주)조은아이앤에스,서울특별시 영등포구 선유로,02-2122-7517
345,(주)즐거운,서울특별시 강남구 언주로,025420077
346,(주)지농,경기도 안양시 동안구 시민대로248번길,031-360-1970
347,(주)지에스아이엘,경기도 성남시 분당구 판교로289번길,070-7574-1728
348,(주)지엠티,경기도 성남시 분당구 판교로255번길,024886502
349,(주)지오소프트,서울특별시 강남구 언주로,02--549--8211
350,(주)지오유,경기도 용인시 처인구 유림로154번길,070-7094-6400
351,(주)지와이네트웍스,인천광역시 연수구 송도문화로,026-101-1230
352,(주)지우정보기술,경기도 성남시 중원구 사기막골로,031-777-5070
353,(주)지인시스템,서울특별시 송파구 송파대로,02-586-1037
354,(주)지티커넥트,서울특별시 마포구 매봉산로,0231297735
355,(주)지후소프트,서울특별시 영등포구 경인로,02-2038-8064
356,(주)직랩,서울특별시 강남구 강남대로112길,070-7014-0657
357,(주)진우소프트이노베이션,제주특별자치도 제주시 첨단로8길,064-742-1816
358,(주)짐싸,서울특별시 강남구 테헤란로,010-5813-2498
359,(주)천명소프트,서울특별시 서초구 바우뫼로,023-463-3052
360,(주)첨단공간정보,경기도 고양시 일산동구 경의로,031-908-4523
361,(주)청심아이티,서울특별시 마포구 마포대로,02-721-5570
362,(주)카르타,서울특별시 강남구 역삼로,028832140
363,(주)카이,대전광역시 유성구 대덕대로,042-867-2958
364,(주)카펜스트리트,서울특별시 서초구 서초대로,028781201
365,(주)캐럿솔루션즈,서울특별시 강남구 강남대로,02-518-5468
366,(주)캐스트이즈,서울특별시 관악구 남부순환로,02-886-6764
367,(주)캐치잇플레이,제주특별자치도 제주시 중앙로,07075606006
368,(주)커먼컴퓨터,서울특별시 서초구 매헌로8길,01099694961
369,(주)컨텍,대전광역시 유성구 과학로,042-863-4523
370,(주)컬쳐히어로,경기도 성남시 분당구 판교로228번길,031-698-2142
371,(주)컴트루테크놀로지,서울특별시 마포구 성암로,02-396-7005
372,(주)케이비시스,서울특별시 구로구 디지털로,022-039-0100
373,(주)케이스마텍,서울특별시 금천구 가산디지털1로,07075101000
374,(주)케이시크,대전광역시 유성구 죽동로,07086688668
375,(주)케이쓰리아이,대전광역시 유성구 대덕대로512번길,042-861-8551
376,(주)케이원정보통신,서울특별시 금천구 가산디지털2로,02-6116-8221
377,(주)코글플래닛, 선릉로108길,070-4210-1490
378,(주)코드스테이츠,서울특별시 강남구 테헤란로,02-3482-8881
379,(주)코드원,경기도 고양시 덕양구 충장로,0319704874
380,(주)코레이즈홀딩스,서울특별시 성동구 연무장5길,02-1833-5805
381,(주)코리아퍼스텍,서울특별시 강서구 화곡로,028380300
382,(주)코비젼,서울특별시 강서구 마곡중앙8로7길,02-6965-3100
383,(주)코아맥스테크놀로지,서울특별시 금천구 가산디지털1로,0266724350
384,(주)코아텍(의왕),경기도 의왕시 철도박물관로,031-461-0111
385,(주)코에버정보기술,서울특별시 금천구 가산디지털1로,02-859-7788
386,(주)코인플러그,경기도 성남시 분당구 판교역로146번길,031-717-1597
387,(주)콘텐츠브릿지,서울특별시 강남구 언주로,02-562-0694
388,(주)쿼렌시스,서울특별시 성동구 연무장5가길,07047733777
389,(주)큐버,경기도 성남시 분당구 대왕판교로,031-716-2636
390,(주)큐센텍,서울특별시 영등포구 선유로,070-8280-2328
391,(주)크리마,서울특별시 성동구 아차산로17길,01034925989
392,(주)크리에이트립, 청계천로,070-4327-2312
393,(주)크몽,서울특별시 서초구 사임당로,070-5056-5574
394,(주)클라썸, 테헤란로2길,02-6091-2897
395,(주)타운컴퍼니,서울특별시 강남구 테헤란로,010-9897-1905
396,(주)탈잉,서울특별시 강남구 테헤란로5길,050714071606
397,(주)터치터치,경기도 부천시 부천로198번길,070-8258-9286
398,(주)테르텐,서울특별시 구로구 디지털로26길,02-6952-7075
399,(주)테크플렉스,대전광역시 유성구 덕명로71번길,070-4304-6990
400,(주)텐핑거스,서울특별시 구로구 디지털로,070-4410-8836
401,(주)텔로스,전라북도 전주시 완산구 전주객사5길,063-714-4660
402,(주)텔루스,서울특별시 영등포구 당산로41길,0264868800
403,(주)토마토시스템,서울특별시 강남구 논현로128길,0234452194
404,(주)토이스미스, 논현로67길,070-7563-8336
405,(주)투게더앱스,서울특별시 강남구 논현로111길,02-1544-2499
406,(주)투믹스,서울특별시 강남구 테헤란로98길,02-3453-6005
407,(주)투비원솔루션즈,서울특별시 송파구 법원로11길,02-2008-1761
408,(주)튠잇,경기도 성남시 분당구 느티로51번길,070-8890-9778
409,(주)트루데이타,서울특별시 마포구 만리재로,027027701
410,(주)트리거파트너스,서울특별시 강남구 논현로114길,02-785-2016
411,(주)트리니티소프트,경기도 안양시 동안구 학의로,070-7596-7620
412,(주)트리플, 판교역로14번길,031-705-8777
413,(주)티라유텍,서울특별시 강남구 학동로5길,02-3461-6531
414,(주)티앤엠테크,서울특별시 강남구 봉은사로,025140100
415,(주)티엔씨테크날로지,서울특별시 강남구 도곡로,023-446-4191
416,(주)티지360테크놀로지스,서울특별시 강남구 테헤란로,02-6077-9900
417,(주)티켓플레이스,서울특별시 관악구 남부순환로,028779771
418,(주)팀엘리시움,서울특별시 서초구 서초대로24길,070-8624-0516
419,(주)팀오투,서울특별시 강남구 봉은사로,02-6249-0202
420,(주)파로스정보통신,충청남도 홍성군 홍성읍 조양로,0416359984
421,(주)파루씨앤씨,서울특별시 구로구 디지털로31길,0263418600
422,(주)파운트,서울특별시 서대문구 충정로,0220380263
423,(주)파이낸셜데이타시스템,서울특별시 영등포구 국제금융로8길,02-786-1599
424,(주)파이랩테크놀로지,서울특별시 강남구 압구정로36길,025523720
425,(주)퍼스트코,경기도 고양시 덕양구 통일로,010-3729-9912
426,(주)퍼플랩스, 선릉로93길,070-4754-2278
427,(주)펀앤뉴,경기도 용인시 기흥구 동백3로11번길,070-4225-0612
428,(주)펍지랩스,서울특별시 서초구 서초대로38길,02-6377-3200
429,(주)페스카로,경기도 성남시 수정구 창업로,070-4236-6788
430,(주)펜타코드,인천광역시 남동구 선수촌공원로,032-247-3377
431,(주)포그리트,경기도 성남시 분당구 대왕판교로,031-625-4397
432,(주)포도,경기도 성남시 수정구 창업로,031-759-1488
433,(주)포비즈코리아,서울특별시 서초구 바우뫼로37길,0220582214
434,(주)포스윈,서울특별시 구로구 디지털로31길,070-4633-2500
435,(주)포시에스,서울특별시 강남구 논현로,02-6188-8200
436,(주)포티투마루,서울특별시 관악구 남부순환로,02-6952-9201
437,(주)폴리큐브,서울특별시 강남구 역삼로,02-554-6295
438,(주)푸드테크,서울특별시 강남구 삼성로85길,02-2141-7961
439,(주)퓨처로봇,경기도 성남시 분당구 황새울로,031-252-6860
440,(주)퓨쳐위즈,서울특별시 강남구 테헤란로4길,010-2319-5598
441,(주)프라이머리넷,경기도 부천시 부일로233번길,032-329-0213
442,(주)프람트테크놀로지,서울특별시 강남구 강남대로,025536441
443,(주)프리윌린,서울특별시 관악구 관악로,02-1670-1930
444,(주)플라이셔,서울특별시 강남구 테헤란로,02-6457-8523
445,(주)플레이오토,서울특별시 구로구 디지털로26길,070-7011-6093
446,(주)플리토,서울특별시 강남구 테헤란로,07042353201
447,(주)피씨엔,서울특별시 강남구 학동로,02-565-7740
448,(주)피알앤디컴퍼니,서울특별시 강남구 강남대로,02-1599-4783
449,(주)피엔아이컴퍼니,제주특별자치도 제주시 첨단로,070-8610-5336
450,(주)피엘지,부산광역시 북구 만덕3로16번길,051-1644-9051
451,(주)피타소프트,경기도 성남시 분당구 대왕판교로,031-8039-7789
452,(주)피트,경기도 성남시 분당구 성남대로,031-709-9177
453,(주)피플펀드컴퍼니,서울특별시 강남구 선릉로,02-6212-2182
454,(주)핀그램,경기도 용인시 기흥구 흥덕1로,031-340-3578
455,(주)핀다,서울특별시 강남구 테헤란로79길,02-6959-1335
456,(주)핀업,경기도 성남시 분당구 판교로,031-702-8138
457,(주)필라넷,서울특별시 성동구 연무장5길,02-2008-3629
458,(주)필라웨어,서울특별시 성동구 성수이로7길,070-8891-7024
459,(주)핑거,서울특별시 영등포구 여의대로,02-799-2506
460,(주)하얀마인드,대전광역시 유성구 온천로,010-8539-6882
461,(주)하우스오브리벨스,서울특별시 용산구 한남대로20길,070-7750-5252
462,(주)하이컴텍,서울특별시 금천구 가산디지털1로,02-1566-8591
463,(주)하이퍼리즘,서울특별시 관악구 봉천로,02-6368-1838
464,(주)하이퍼커넥트,서울특별시 강남구 영동대로,070-4220-5658
465,(주)한국금융솔루션,서울특별시 마포구 마포대로,027678150
466,(주)한국기업보안,서울특별시 서초구 강남대로99길,02-514-7786
467,(주)한국해양기상기술,서울특별시 구로구 경인로53길,0236673255
468,(주)한길더블류아이티,경기도 성남시 중원구 둔촌대로,031-740-9393
469,(주)한류에이아이센터,서울특별시 성동구 왕십리로,023-3497-5923
470,(주)한신정보기술,충청북도 청주시 상당구 수암로,043-278-2700
471,(주)한컴위드,경기도 성남시 분당구 대왕판교로644번길,031-622-6116
472,(주)한컴인스페이스,대전광역시 유성구 유성대로1312번길,042-862-2781
473,(주)한터글로벌,서울특별시 강남구 봉은사로109길,02-449-2347
474,(주)핸디커뮤니케이션즈,서울특별시 금천구 가산디지털1로,023-289-9437
475,(주)헤렌,서울특별시 성동구 성수일로8길,02-469-9575
476,(주)헥슬란트,서울특별시 강남구 강남대로,070-7711-2733
477,(주)헬로월드,서울특별시 강남구 테헤란로34길,02-6925-7375
478,(주)훌리악,서울특별시 강서구 공항대로,070-7517-8517
479,(주)휴마트컴퍼니,서울특별시 마포구 백범로31길,02-6435-1242
480,(주)휴먼스케이프,서울특별시 강남구 역삼로17길,070-4900-1130
481,(주)휴먼플러스,서울특별시 영등포구 당산로41길,02-718-1500
482,(주)휴메카정보통신,서울특별시 중구 수표로2길,02-2266-2796
483,(주)휴비즈아이씨티, 지곡로,054-256-7000
484,(주)휴엔시스템,서울특별시 금천구 가산디지털1로,028610216
485,(주)히든트랙,서울특별시 강남구 역삼로,02-929-1365
486,(주)힉스,대전광역시 유성구 테크노3로,042-864-1006
487,㈜공간소프트,경기도 안성시 서운면 서운로,070-4257-3009
488,㈜니트로아이,경기도 수원시 팔달구 경수대로446번길,031-244-4848
489,㈜비손콘텐츠,경기도 안양시 동안구 시민대로327번길,070-8834-0708
490,㈜에이씨케이,경기도 하남시 조정대로,031-790-1561
491,㈜클로닉스,경기도 성남시 분당구 수내로46번길,070-7090-8289
492,㈜피앤피시큐어,경기도 성남시 분당구 대왕판교로645번길,031-8038-4053
493,가즈아랩스,서울특별시 성동구 연무장5길,010-4749-7401
494,경성테크놀러지,부산광역시 해운대구 센텀북대로,052-783-3731
495,공간정보기술㈜,경기도 성남시 분당구 판교로228번길,031-622-3800
496,구루멘토링(주),서울특별시 구로구 디지털로,0222247321
497,구우정보기술주식회사,서울특별시 강남구 논현로80길,02-574-6421
498,굿모니터링(주),서울특별시 서대문구 간호대로3길,07049481274
499,그린캣소프트(주),경기도 성남시 수정구 창업로,070-4401-7711
500,기분좋은커뮤니케이션,서울특별시 구로구 디지털로,0231411347
501,나루스튜디오,대구광역시 동구 동대구로,053-213-0111
502,나인원소프트(주),서울특별시 성동구 상원1길,02-3463-9101
503,나인파이브,서울특별시 마포구 토정로,02-456-7838
504,네오그라프,서울특별시 금천구 가산디지털2로,02-541-5331
505,네오카텍,경기도 안양시 만안구 안양로,070-4727-3436
506,뉴젠스,경기도 안양시 동안구 시민대로327번길,031-341-4500
507,니트로소프트(주),서울특별시 강남구 도산대로4길,02-546-4454
508,다손테크(주)(지점),서울특별시 금천구 서부샛길,031-932-3082
509,다운정보통신(주),부산광역시 해운대구 센텀중앙로,051-742-2600
510,다인리더스,서울특별시 성동구 성수일로8길,025142060
511,다한정보기술,서울특별시 금천구 서부샛길,028618088
512,단비코리아,서울특별시 성동구 성수일로,02-1544-3829
513,당근마켓,서울특별시 강남구 테헤란로4길,010-4713-6223
514,데브시스터즈(주),서울특별시 강남구 도산대로,02-2148-0592
515,데이블,서울특별시 강남구 테헤란로,07082653336
516,데일리펀딩,서울특별시 강남구 강남대로,025629666
517,두나무(주),서울특별시 강남구 테헤란로4길,070-8230-3391
518,듀코젠,서울특별시 마포구 월드컵북로,07050965150
519,드림에이지이(주),서울특별시 금천구 디지털로,0215441351
520,드제이,서울특별시 마포구 양화로12길,02-2266-4433
521,디노플러스(주),서울특별시 강남구 선릉로112길,025496669
522,디딤365주식회사, 디지털로9길,070-7784-3277
523,디비비전(주),서울특별시 금천구 디지털로9길,02-3272-9737
524,디스이즈엔지니어링주식회사,경기도 성남시 수정구 창업로,031-721-2300
525,디앤에스에버 주식회사,서울특별시 강남구 테헤란로2길,070-4639-3060
526,디어코퍼레이션,서울특별시 성동구 광나루로4길,0215772956
527,디지탈센스, 서초대로22길,02-3473-7760
528,디지털원(주),서울특별시 금천구 가산디지털2로,0220258520
529,디토닉(주),경기도 안양시 동안구 시민대로248번길,031-689-4770
530,라온스토리,서울특별시 금천구 가산디지털1로,070-7010-7108
531,라온화이트햇,서울특별시 강남구 테헤란로,025614545
532,라임프렌즈,서울특별시 서대문구 수색로,05059010608
533,람다256주식회사,서울특별시 강남구 테헤란로4길,025682560
534,레드테이블,서울특별시 중구 청계천로,0269647955
535,로데브(주),경기도 안양시 동안구 벌말로,070-5101-4010
536,로완, 통일로,02-6731-0810
537,루센트블록,대전광역시 유성구 가정로,01098600423
538,리디(주),서울특별시 강남구 테헤란로,026-196-0313
539,리얼리티리플렉션(주), 테헤란로2길,070-7725-0558
540,리호즈(주),서울특별시 강남구 테헤란로44길,0215226796
541,린아레나,서울특별시 금천구 가산디지털2로,0264551987
542,마이뮤직테이스트,서울특별시 강남구 학동로50길,070-8808-1492
543,마크애니,서울특별시 중구 퇴계로,02-2262-5200
544,마피아컴퍼니,서울특별시 성동구 왕십리로,02-2299-8879
545,망고슬래브(주), 대왕판교로,031-754-0623
546,매드오카,서울특별시 구로구 디지털로,02-2082-1640
547,매스프레소,서울특별시 강남구 선릉로,02-539-9237
548,메가존(주),서울특별시 강남구 논현로85길,02-2108-9279
549,메가존클라우드(주),서울특별시 강남구 논현로85길,02-2108-9105
550,메디컬아이피(주),서울특별시 종로구 대학로,0221359148
551,메리티움(주),서울특별시 금천구 가산디지털1로,022-135-3435
552,메이드인헤븐, 디지털로,02--830--7742
553,메타빌드(주),서울특별시 서초구 효령로,02-598-3327
554,메트로소프트,경기도 안양시 동안구 엘에스로91번길,031-465-9971
555,모디엠,서울특별시 성동구 성수일로4길,02-2115-8921
556,모바일엔트로피,서울특별시 마포구 독막로,02-717-5196
557,모비어스앤밸류체인(주),서울특별시 강남구 테헤란로,02-598-5836
558,몬드리안에이아이,인천광역시 연수구 송도문화로,032-713-7984
559,무브 주식회사,서울특별시 강남구 선릉로,070-4353-3541
560,미디어코어시스템즈,경기도 수원시 팔달구 권선로,031-225-0272
561,미림미디어랩(주),서울특별시 마포구 매봉산로,02-6275-2020
562,버바검프(주),서울특별시 강남구 강남대로,01062904330
563,버즈빌,서울특별시 송파구 석촌호수로,070-4632-0703
564,번개장터(주),서울특별시 서초구 서초대로38길,02--598--8240
565,브이씨엔씨(주),서울특별시 성동구 연무장7길,070-8230-8284
566,브이엠솔루션(주),서울특별시 강남구 봉은사로,025790587
567,블록웨어,서울특별시 송파구 법원로,07041850512
568,블루가(주),경기도 성남시 분당구 성남대로,070-8228-8721
569,비디에스인포컴(주),서울특별시 금천구 가산디지털1로,022126811
570,비브로스, 여의대로,070-4203-5835
571,비브이에스(주), 논현로140길,022-039-1240
572,비에스지파트너스,서울특별시 강남구 논현로85길,02-6730-3112
573,비주얼캠프,서울특별시 서초구 매헌로16길,070-7945-7799
574,비트루브,서울특별시 강남구 역삼로,028830624
575,비트바이트,서울특별시 강남구 선릉로93길,010-9298-1869
576,비트파인더코리아, 삼일대로,02-6952-4827
577,빅펄주식회사,서울특별시 강남구 삼성동 ,026-080-6111
578,사이클롭스주식회사,서울특별시 강남구 강남대로124길,02-3443-3336
579,삼부기술(주),경기도 안양시 동안구 학의로,031-420-4680
580,삼정데이타서비스(주),서울특별시 구로구 디지털로,02-2029-0130
581,서광항업(주),경상북도 상주시 상서문2길,054-536-8817
582,서울시스템(주),서울특별시 종로구 경희궁길,02-510-0600
583,성민네트웍스,서울특별시 구로구 디지털로,023624680
584,세기정보통신(주),서울특별시 구로구 디지털로,02-797-5511
585,셀렉트스타,서울특별시 강남구 테헤란로20길,01043550591
586,솔루션코리아(주),대구광역시 북구 유통단지로,070-7712-6680
587,솔트웨어(주),서울특별시 구로구 디지털로34길,02-2025-0066
588,쉐이커미디어 주식회사,서울특별시 강남구 영동대로106길,070-7730-7123
589,쉬프트정보통신(주),경기도 성남시 분당구 판교로,02-464-7676
590,슈가힐, 강남대로,02-1599-4385
591,슈어엠(주),서울특별시 광진구 광나루로56길,021-588-4640
592,스마일드래곤(주),경기도 고양시 일산동구 백마로,010-3763-2163
593,스마트쿱(주),서울특별시 성동구 왕십리로,025486969
594,스탠다드네트웍스주식회사,서울특별시 강남구 봉은사로18길,023-485-6793
595,스테이폴리오,서울특별시 종로구 자하문로9길,02-1670-4123
596,스트라티오코리아,서울특별시 서초구 명달로,0262057456
597,스트리스,서울특별시 마포구 동교로25길,070-8668-8640
598,스페이스워크(주),서울특별시 성동구 왕십리로,02-2138-8030
599,시큐놀로지랩 유한회사,경기도 성남시 분당구 대왕판교로,070-8865-5639
600,심심이(주),서울특별시 강남구 테헤란로78길,02-562-5332
601,써밋디자인,충청남도 아산시 배방읍 북수로,041-425-0011
602,쏘마,경기도 성남시 분당구 판교로255번길,070-4610-4662
603,씨아이그룹,서울특별시 서초구 효령로,070-5057-4135
604,씨아이씨소프트(주),경상남도 진주시 정촌면 ,055-757-9900
605,씨알에스큐브,서울특별시 마포구 월드컵북로,027227275
606,씨엔비스(주),경기도 의왕시 이미로,031-502-4900
607,씨엔티테크(주),서울특별시 서대문구 증가로29길,02-3152-6950
608,씨엠유니버스(주),서울특별시 금천구 가산디지털1로,02-6268-9630
609,씨유박스,서울특별시 금천구 디지털로9길,02-6277-7804
610,씨지에스아이티(주),서울특별시 금천구 가산디지털1로,0226328730
611,아날로그플러스,경기도 성남시 수정구 대왕판교로,070-8870-6552
612,아르고넷,대전광역시 유성구 유성대로1689번길,042-864-1436
613,아름누리메디컴,경기도 용인시 수지구 신수로,025221911
614,아미스테크놀로지(주),서울특별시 강서구 강서로,025733880
615,아와소프트,경기도 성남시 분당구 성남대로916번길,070-4355-5387
616,아이비에스,대전광역시 유성구 테크노2로,042-671-9100
617,아이알링크(주),서울특별시 성동구 성수일로4길,02-6905-2813
618,아이엠씨큐브,서울특별시 강남구 강남대로146길,02-3444-5595
619,아틀라스네트웍스,서울특별시 구로구 경인로53길,07087313441
620,알고케어(주),대전광역시 중구 중앙로,070-7770-0446
621,알투소프트,대전광역시 중구 중앙로,042-488-3009
622,애딧 주식회사,서울특별시 마포구 양화로,02-6925-6228
623,액션파워,서울특별시 관악구 남부순환로,010-8445-0485
624,앤시정보기술(주),부산광역시 해운대구 센텀서로,051-664-8000
625,양재미디어(주),서울특별시 영등포구 당산로41길,02-596-2668
626,어니언커뮤니케이션즈,경기도 부천시 조마루로385번길,032-324-9817
627,업라이즈(주),경기도 성남시 분당구 황새울로360번길,031-724-0828
628,에멘탈주식회사,서울특별시 강남구 영동대로,02-546-0321
629,에스엔비플러스,서울특별시 구로구 디지털로26길,02-6952-1465
630,에스엘지주식회사,서울특별시 강남구 영동대로,026-749-1994
631,에어포스,서울특별시 영등포구 경인로,02-3439-1016
632,에이비일팔공,서울특별시 서초구 방배천로2길,070-5102-1210
633,에이치아이티주식회사,경기도 수원시 영통구 청명남로,031-203-7188
634,에이플러스비,서울특별시 강남구 선릉로93길,07050905800
635,엑세스(주),서울특별시 구로구 디지털로31길,02-2088-3243
636,엔에스스튜디오,경기도 성남시 분당구 판교로255번길,031-697-8690
637,엘더트리주식회사,서울특별시 마포구 월드컵로10길,023227220
638,엘에스웨어(주),서울특별시 금천구 서부샛길,026-919-0325
639,엠비아이솔루션,서울특별시 마포구 삼개로,027126364
640,엠포플러스(주),서울특별시 성동구 아차산로17길,02-1599-2320
641,오드원게임즈,서울특별시 강남구 강남대로94길,070-8290-0661
642,오큐브주식회사,서울특별시 강서구 강서로56가길,02-6927-8067
643,오픈노트,전라남도 나주시 우정로,070-4922-5011
644,온오프믹스,서울특별시 서초구 강남대로79길,010-7236-8577
645,올리브유니온주식회사,서울특별시 서초구 서초대로52길,02-3454-0701
646,와이피랩스(주),서울특별시 강남구 역삼로17길,023371954
647,웹케시(주),서울특별시 영등포구 영신로,02-784-1690
648,위프코(주),경기도 용인시 수지구 신수로,031-719-6077
649,위플래닛,서울특별시 서초구 강남대로18길,070-7715-1040
650,윈포시스(주),경기도 용인시 수지구 신수로,031-609-9700
651,유니원아이앤씨(주),서울특별시 영등포구 은행로,02-780-0039
652,유니크굿컴퍼니,서울특별시 성동구 성수일로,07087061013
653,유디니주식회사,서울특별시 강남구 테헤란로78길,070-5151-5275
654,이노와이어리스,경기도 성남시 분당구 서현로,031-788-1700
655,이비즈네트웍스,서울특별시 강남구 테헤란로82길,026-255-3014
656,이쓰리,서울특별시 성동구 아차산로17길,02--552--1947
657,이아이씨엔, 서초대로,070-7549-0101
658,인더포레스트,서울특별시 강남구 테헤란로77길,070-7788-0300
659,인브레인,서울특별시 금천구 디지털로9길,0263304300
660,인지소프트, 테헤란로,02--571--9571
661,인포뱅크㈜,경기도 성남시 분당구 대왕판교로,031-628-1700
662,인포벨리코리아,경기도 안양시 동안구 시민대로248번길,031-689-4141
663,인포보스(주),서울특별시 강남구 선릉로,02-6341-1185
664,인프라소프트(주),서울특별시 마포구 성암로,02-6959-2775
665,인플랩(주),경상북도 김천시 혁신로,054-434-7278
666,임팩시스,강원도 춘천시 동면 춘천순환로,070-7004-6500
667,자몽컴퍼니,인천광역시 서구 정서진로,032-567-3636
668,전능아이티(주),서울특별시 서초구 효령로53길,0215887361
669,제이비티,서울특별시 강남구 논현로28길,07086561586
670,제이알정보기술(주),경기도 성남시 분당구 벌말로50번길,031-776-3011
671,제타럭스시스템,서울특별시 송파구 송이로,0220388898
672,조앤소프트,경기도 성남시 분당구 판교로255번길,031-628-8816
673,주식회사 5민랩,서울특별시 마포구 독막로,070-4200-8253
674,주식회사 그리다에너지,광주광역시 북구 첨단과기로176번길,062-973-0621
675,주식회사 레몬베이스,서울특별시 성동구 왕십리로,0269251033
676,주식회사 리라소프트,부산광역시 해운대구 센텀5로,051-741-7417
677,주식회사 마켓잇(Marketit Inc.),서울특별시 성동구 왕십리로,02-545-6017
678,주식회사 몬스터플래닛엠,서울특별시 강남구 삼성로,070-7781-0556
679,주식회사 버킷플레이스, 서초대로74길,070-7606-5544
680,주식회사 썬더소프트코리아 ,경기도 성남시 분당구 대왕판교로,070-8858-8105
681,주식회사 아레스,대전광역시 유성구 노은로,042-861-0743
682,주식회사 아이네블루메매니지먼트,서울특별시 마포구 동교로8안길,070-8895-2226
683,주식회사 아인톱시스템, 디지털로26길,070-8280-8281
684,주식회사 아키브소프트,경기도 고양시 일산동구 무궁화로,031-1522-6933
685,주식회사 아티프렌즈,경기도 성남시 분당구 정자일로,031-712-8130
686,주식회사 엔진스튜디오,경기도 성남시 분당구 판교로256번길,02-2091-8721
687,주식회사 온다,서울특별시 강남구 테헤란로,070-8672-6648
688,주식회사 직방,서울특별시 서초구 서초대로,025684909
689,주식회사 집꾸미기,서울특별시 성동구 연무장15길,02-6949-4891
690,주식회사 큐리어드,서울특별시 강남구 논현로71길,025350195
691,주식회사 테사,서울특별시 구로구 디지털로32길,07051735959
692,주식회사 파이어소프트,서울특별시 송파구 바람드리길,02-2138-1880
693,주식회사 포커스원, 미사대로,070-4247-8401
694,주식회사 푸른밤,서울특별시 강남구 학동로7길,02-556-4660
695,주식회사 하이브랩,경기도 성남시 분당구 대왕판교로,031-698-3001
696,주식회사그럼에도,서울특별시 강남구 테헤란로25길,02-423-8302
697,주식회사그로브소프트,서울특별시 서초구 강남대로83길,02-3482-2630
698,주식회사기원테크,서울특별시 구로구 디지털로31길,0260127406
699,주식회사나인코퍼레이션,서울특별시 강남구 선릉로93길,070-4243-4776
700,주식회사노리코리아,서울특별시 강남구 강남대로94길,02-597-6808
701,주식회사누아, 선릉로100길,02--542--1578
702,주식회사데일리샷, 남부순환로226길,02-6931-3636
703,주식회사디앤디랩, 강남대로,02--523--9626
704,주식회사디에스앤텍,서울특별시 강남구 역삼로9길,02-3485-5405
705,주식회사라인웍스,서울특별시 강남구 테헤란로14길,070-7702-3044
706,주식회사로그프레소,서울특별시 마포구 새창로,02-6730-7249
707,주식회사로플랫,서울특별시 강남구 테헤란로20길,02-508-1225
708,주식회사리턴제로,서울특별시 강남구 테헤란로82길,02-555-1271
709,주식회사마인딩,서울특별시 관악구 을지로,026-351-4200
710,주식회사매스아시아,서울특별시 서초구 주흥3길,02-6959-8500
711,주식회사메디블록,서울특별시 강남구 테헤란로,026-053-9119
712,주식회사모두의클래스, 잔다리로,070-7605-9636
713,주식회사모비데이즈,서울특별시 강남구 역삼로8길,026-929-1620
714,주식회사모아플래닛,서울특별시 금천구 가산디지털1로,02-855-6464
715,주식회사모프인터랙티브,서울특별시 마포구 월드컵북로4길,070-4184-3662
716,주식회사몰로코,서울특별시 강남구 강남대로,02-6205-1222
717,주식회사바이브컴퍼니,서울특별시 용산구 독서당로,02-565-0531
718,주식회사백패커,서울특별시 마포구 동교로19길,070-4104-3651
719,주식회사봉봉,서울특별시 서초구 효령로77길,02-555-8982
720,주식회사뷰쓰리,서울특별시 서초구 신반포로47길,02-6084-6110
721,주식회사브랜디,서울특별시 강남구 테헤란로32길,02-6205-0303
722,주식회사비트리,서울특별시 용산구 유엔빌리지길,07082361839
723,주식회사선도소프트,서울특별시 금천구 가산디지털1로,02--856--1900
724,주식회사세포아소프트,서울특별시 서초구 서초대로,070-7878-9840
725,주식회사셀메이트, 만리재로,070-8680-6923
726,주식회사셰어킴,서울특별시 서초구 논현로79길,02-1644-3638
727,주식회사소프트원,서울특별시 강서구 양천로,02-2093-2050
728,주식회사스냅컴퍼니,서울특별시 강남구 테헤란로25길,02-6959-3199
729,주식회사스마일벤처스, 학동로7길,02-558-9955
730,주식회사스마트동스쿨,서울특별시 마포구 매봉산로,070-4707-2727
731,주식회사스캐터랩,서울특별시 성동구 왕십리로,070-4099-5466
732,주식회사스타일닷컴,서울특별시 송파구 법원로,070-4403-3709
733,주식회사스타일쉐어,서울특별시 강남구 선릉로93길,070-4128-0901
734,주식회사씨메스,대전광역시 유성구 테크노9로,050-5355-6000
735,주식회사씽크트리,서울특별시 마포구 매봉산로,023092900
736,주식회사아신아이,서울특별시 강남구 자곡로,02-2038-0126
737,주식회사아이아라,서울특별시 강남구 봉은사로47길,022-052-7880
738,주식회사아트만파트너스,서울특별시 강남구 논현로71길,025739076
739,주식회사아티큐,서울특별시 서초구 반포대로28길,02-927-0925
740,주식회사앤서웍스,서울특별시 강남구 선릉로141길,025410709
741,주식회사어니스트펀드,서울특별시 영등포구 여의대로,070-4820-1480
742,주식회사에스브이,서울특별시 강남구 논현로,02-6927-6080
743,주식회사에어스메디컬,서울특별시 관악구 남부순환로,070-7777-3186
744,주식회사에이에프아이,서울특별시 성동구 아차산로,07076551325
745,주식회사엑스바엑스,서울특별시 송파구 중대로,026-404-1020
746,주식회사엔젤스윙, 관악로,010-2297-9653
747,주식회사엔키,경기도 성남시 수정구 창업로,031-722-1337
748,주식회사엠에이치엔씨티,서울특별시 성동구 고산자로,070-7553-2372
749,주식회사오픈갤러리,서울특별시 성동구 왕십리로,02-6949-3530
750,주식회사오픈서베이,서울특별시 서초구 서초대로78길,02-590-2110
751,주식회사오픈소스컨설팅,서울특별시 강남구 테헤란로83길,02-516-0711
752,주식회사올로케이션,서울특별시 구로구 디지털로,070-8220-4050
753,주식회사와이키키소프트,서울특별시 강남구 테헤란로87길,025764746
754,주식회사와탭랩스,서울특별시 강남구 선릉로,02-565-1803
755,주식회사우리강산시스템,서울특별시 금천구 가산디지털1로,02-867-3181
756,주식회사웰비아닷컴,서울특별시 금천구 가산디지털1로,02-868-8118
757,주식회사위주,서울특별시 금천구 가산디지털1로,0220396240
758,주식회사위키시큐리티,서울특별시 금천구 디지털로,023224688
759,주식회사윌두,서울특별시 금천구 가산디지털2로,028670119
760,주식회사유비디시전, 청파로47길,025586996
761,주식회사이엠비,서울특별시 금천구 가산디지털1로,07075197442
762,주식회사이포넷,서울특별시 강남구 테헤란로87길,023-465-8500
763,주식회사제이디아이앤에스,서울특별시 송파구 법원로11길,024013395
764,주식회사지니웍스,서울특별시 강남구 언주로,070-4283-4141
765,주식회사지오스토리,서울특별시 강서구 화곡로68길,026-961-5877
766,주식회사집토스, 왕십리로,070-8028-7303
767,주식회사채널코퍼레이션,서울특별시 강남구 삼성로,02-1644-4052
768,주식회사체커,서울특별시 강서구 마곡중앙6로,02-338-1876
769,주식회사컬처메이커스 ,서울특별시 중구 퇴계로36길,02-2247-7900
770,주식회사케어랩스,서울특별시 강남구 역삼로3길,02-538-1171
771,주식회사케이브레인컴퍼니,서울특별시 마포구 성암로,02-744-0530
772,주식회사코드박스,서울특별시 강남구 테헤란로,-----
773,주식회사코드브릭,서울특별시 강남구 역삼로,-----
774,주식회사콘샐러드,서울특별시 송파구 송파대로,010-6246-9108
775,주식회사클래스팅,서울특별시 강남구 테헤란로,070-4060-6535
776,주식회사테크랩스,서울특별시 강남구 언주로,070-4230-6355
777,주식회사투비네트웍스글로벌,경기도 용인시 기흥구 흥덕1로,070-5014-1936
778,주식회사티엔코아,서울특별시 강서구 마곡중앙2로,070-5030-1511
779,주식회사티오리한국,서울특별시 강남구 선릉로93길,010-8984-1839
780,주식회사팬덤,서울특별시 강남구 테헤란로4길,025577764
781,주식회사펜브코퍼레이션,경기도 성남시 분당구 분당내곡로,070-8119-5567
782,주식회사포더비전,경기도 성남시 수정구 창업로,031-8017-0360
783,주식회사프라임제이이앤씨,대전광역시 유성구 테크노2로,042-823-5345
784,주식회사프렌트립,서울특별시 성동구 왕십리로,070-7169-1466
785,주식회사프리버,서울특별시 마포구 양화로7길,02-3292-1992
786,주식회사플랫팜,서울특별시 마포구 양화로,070-7560-7002
787,주식회사피아이코드,경기도 안양시 동안구 학의로,031-689-3067
788,주식회사하몬소프트,서울특별시 금천구 디지털로9길,070-8679-8700
789,주식회사하비인더박스,서울특별시 중구 통일로,026-261-2109
790,주식회사하이메디, 서초대로78길,070-8146-8980
791,주식회사해시드,서울특별시 강남구 테헤란로4길,07088660193
792,주식회사헬프미,서울특별시 강남구 테헤란로77길,02-501-0192
793,주식회사호두랩스, 언주로,02-6013-3031
794,주식회사화이트블록,서울특별시 마포구 성암로,02--832--3020
795,주식회사휴앤시스,경기도 안양시 동안구 학의로,025019265
796,주식회사힐링페이퍼,서울특별시 강남구 테헤란로,023-443-8854
797,주흘이엔지(주),경상북도 문경시 시청2길,054-554-7717
798,지뉴소프트,서울특별시 서초구 동산로,0234630802
799,지티시스템 주식회사,서울특별시 서초구 논현로17길,07078354477
800,진주소프트, 송도문화로,023-662-1020
801,진진시스템(주),서울특별시 성동구 연무장5길,024475967
802,천우항측주식회사,인천광역시 서구 염곡로464번길,032-433-3050
803,케이에스아이,경기도 안양시 동안구 전파로,070-4804-2103
804,케이웨더(주),서울특별시 구로구 디지털로26길,02-360-2200
805,케이투웹테크(주),서울특별시 금천구 가마산로,070-4341-3064
806,코드잇,서울특별시 중구 삼일대로,026-242-0521
807,코리아엑스퍼트(주),서울특별시 영등포구 양평로22길,02-782-5200
808,코어시큐리티,서울특별시 강남구 학동로56길,02-3453-6630
809,코인원,서울특별시 용산구 한강대로,026-105-7703
810,콩테크(주),경기도 성남시 분당구 대왕판교로,02-1522-9928
811,콰라소프트,서울특별시 영등포구 의사당대로,026-080-8122
812,크로키닷컴(주),서울특별시 강남구 테헤란로,02-1670-8050
813,크리니티(주),서울특별시 금천구 벚꽃로,02-573-0030
814,클라우드브릭,서울특별시 영등포구 국제금융로2길,02-2125-6508
815,클루피(주),대구광역시 북구 호암로,053-357-0307
816,킹스정보통신(주),경기도 하남시 조정대로,070-4270-5450
817,타이아(주),광주광역시 광산구 신창로,062-973-0782
818,탄젠트,서울특별시 서초구 도구로16길,02-6010-3125
819,탱커 주식회사,서울특별시 강남구 강남대로124길,02--514--1008
820,테이블매니저(주),서울특별시 성동구 성수이로20길,02-6952-4076
821,투스라이프,경기도 성남시 분당구 판교로,070-5214-0508
822,투아이시스(주),경기도 군포시 고산로148번길,031-360-7480
823,트래볼루션,서울특별시 중구 청계천로,0262641115
824,트윔,경기도 화성시 삼성1로4길,031-8055-8270
825,팀블랙버드(주),서울특별시 영등포구 의사당대로,07078475316
826,파인브이티,경기도 안양시 동안구 시민대로,02-2039-3710
827,퍼니피그(주),서울특별시 마포구 잔다리로,070-5099-9400
828,페이레터(주),서울특별시 강남구 역삼로,0261913777
829,페이위드,세종특별자치시 세종시 연동면 송암로,010-4694-0301
830,펜타시큐리티시스템(주),서울특별시 영등포구 국제금융로2길,02-2125-6682
831,포인드(주),경상북도 구미시 구미대로,054-456-3401
832,퓨렌스(주),서울특별시 금천구 디지털로,02-6443-5600
833,플러스티브이,서울특별시 마포구 백범로31길,070-4616-6400
834,플렉스(주),서울특별시 서초구 서초대로77길,07049491554
835,플링크,서울특별시 관악구 남부순환로,02-871-1797
836,피노텍,서울특별시 서초구 양재천로9길,025223558
837,핌즈(주),서울특별시 중랑구 신내역로3길,025211774
838,핑거포스트,서울특별시 구로구 디지털로34길,070-4066-5900
839,하임시큐리티,서울특별시 강남구 테헤란로,02-567-2119
840,한국디지탈콘트롤(주),경기도 안양시 만안구 전파로,070-4639-2922
841,한국비즈넷(주),서울특별시 구로구 디지털로29길,02-855-2181
842,한국제이에스데이터시스템즈(주),서울특별시 강남구 논현로28길,02-571-7401
843,한성정보기술,서울특별시 구로구 디지털로26길,0263405000
844,한시큐리티(주),경기도 과천시 별양상가2로,02-6959-8124
845,해치랩스주식회사,서울특별시 영등포구 의사당대로,010-5606-9896
846,호디,서울특별시 마포구 마포대로4라길,070-4620-8000
847,호스트센터(주),서울특별시 서초구 법원로1길,02-6925-5045
848,홍익과학기술,경기도 성남시 수정구 성남대로,031-8023-5060
849,휴먼아이씨티,서울특별시 강남구 도곡로,025324957
850,휴멜로㈜,서울특별시 강남구 역삼로,07080645108
